{
  "version": 1,
  "author": "Ray Nafi Salsabila Arindivah",
  "editor": "wokwi",
  "parts": [
    { "type": "board-esp32-devkit-c-v4", "id": "esp", "top": 0, "left": 0, "attrs": {} },
    { "type": "wokwi-led", "id": "led1", "top": -3.6, "left": 253.4, "attrs": { "color": "red" } },
    {
      "type": "wokwi-led",
      "id": "led2",
      "top": 44.4,
      "left": 253.4,
      "attrs": { "color": "yellow" }
    },
    {
      "type": "wokwi-led",
      "id": "led3",
      "top": 102,
      "left": 253.4,
      "attrs": { "color": "green" }
    },
    {
      "type": "wokwi-resistor",
      "id": "r1",
      "top": 32.75,
      "left": 153.6,
      "attrs": { "value": "1000" }
    },
    {
      "type": "wokwi-resistor",
      "id": "r2",
      "top": 90.35,
      "left": 153.6,
      "attrs": { "value": "1000" }
    },
    {
      "type": "wokwi-resistor",
      "id": "r3",
      "top": 138.35,
      "left": 153.6,
      "attrs": { "value": "1000" }
    }
  ],
  "connections": [
    [ "esp:TX", "$serialMonitor:RX", "", [] ],
    [ "esp:RX", "$serialMonitor:TX", "", [] ],
    [ "led2:C", "esp:GND.2", "yellow", [ "h-9.2", "v-38.4", "h-158.44" ] ],
    [ "led1:C", "esp:GND.2", "red", [ "v0" ] ],
    [ "r1:2", "led1:A", "red", [ "v0" ] ],
    [ "r1:1", "esp:21", "red", [ "h-19.2", "v38.4" ] ],
    [ "r2:1", "esp:22", "yellow", [ "h-9.6", "v-48" ] ],
    [ "r3:1", "esp:23", "green", [ "h-48", "v-144" ] ],
    [ "r2:2", "led2:A", "yellow", [ "h56.4", "v0", "h28.8" ] ],
    [ "r3:2", "led3:A", "green", [ "v0" ] ],
    [ "led3:C", "esp:GND.2", "green", [ "h-143.6", "v-115.2" ] ]
  ],
  "dependencies": {}
}